id	text_deva
b061	आपका पेमेंट सक्सेसफुली रिसीव हो गया है।
b062	आपका EMI ₹8,500 का है और कल ड्यू है।
b063	आपका ऑर्डर 4 बजे तक डिलीवर हो जाएगा।
b064	क्या आप अपना OTP शेयर कर सकते हैं?
b065	आपके अकाउंट में ₹2,340 का कैशबैक क्रेडिट हो गया है।
b066	आपकी कंप्लेंट नंबर 77812 रजिस्टर हो गई है।
b067	राहुल जी, आपका KYC अभी पेंडिंग है।
b068	हमारी पुणे वाली ब्रांच कल बंद रहेगी।
b069	अगर नेटवर्क इश्यू है तो आप 198 पे कॉल करिए।
b070	आपका रिचार्ज 28 दिन के लिए वैलिड है।
b071	सुनीता जी, आपकी पॉलिसी का रिन्यूअल कल तक करना होगा।
b072	मोहम्मद इरफ़ान के नाम से एक पार्सल आया है।
b073	आपका OTP 590214 है, इसे किसी को मत बताइए।
b074	आपका प्लान 15/11/2026 को एक्सपायर हो जाएगा।
b075	क्या आप चाहेंगे कि मैं 6:30 बजे दोबारा फ़ोन करूँ?
b076	आपका रिप्लेसमेंट ऑर्डर हमने आज सुबह प्लेस कर दिया है, और अगर कल शाम तक डिलीवरी नहीं होती तो आप इसी नंबर पर दोबारा कॉल करके अपना कंप्लेंट नंबर 48213 बता दीजिए।
